{"name":"root", "children":[
    {
        "name":"key1",
        "children":[],
        "size":0,
        "id":1,
        "index":0,
        "weight":1,
        "x":555.1868823170662,
        "y":344.81351613998413,
        "px":555.1868823170662,
        "py":344.81351613998413
    }
], "size":0, "id":1, "index":1, "weight":1, "x":640.0395330557379, "y":319.99782806119333, "px":640.0397442441173, "py":319.9978164585426}